scope,profile,engine,mean_ms,p50_ms,p95_ms,std_ms,samples,p95_reduction_pct_vs_python,p95_speedup_x_vs_python
endpoint,A,python,69.426373,67.255833,88.914962,7.256607,50,-5.017857,0.952219
endpoint,A,rust,67.634857,63.825229,93.376588,13.840251,50,-5.017857,0.952219
endpoint,B,python,86.492972,84.022437,112.396629,8.313319,50,12.371625,1.141183
endpoint,B,rust,72.893383,69.534353,98.491339,9.290033,50,12.371625,1.141183
kernel,A,python,4.960030,4.808729,5.797835,0.395097,50,98.745151,79.690838
kernel,A,rust,0.066625,0.063354,0.072754,0.011953,50,98.745151,79.690838
kernel,B,python,20.234669,20.228938,20.405508,0.123916,50,97.215275,35.910184
kernel,B,rust,0.474036,0.467271,0.568237,0.031453,50,97.215275,35.910184
